{"_timestamp":1.7411673380547771e+09,"_runtime":42.285973,"_step":58,"_wandb":{"runtime":43},"train/global_step":590,"train/epoch":0.59,"train/loss":1.217}